"av","bn","kotrt","sdr_bn","sug"
"50 שנה","שמירת היובל וקיומו בימי הבית הראשון והשני",,60,"מאמר"
"7 שנים","ירמיהו ושנת השמיטה",,60,"מאמר"
"7 שנים","סיפור לשנת השמיטה",,60,"מאמר"
"אדמה חקלאית","חקלאות","מאמרים בתנך",55,"תנך"
"אהבת אזרח","איך להתייחס לאנשים שעשו לנו רע","לעזור לאנשים שעשו לנו רע, ולקוות שה' יושיע אותנו",60,"דרך"
"אהבת ה'","אהבות בתנ""ך",,60,"מאמר"
"אהבת ה'","האם הרומנטיקה משפיעה על הפרשנות?",,60,"מאמר"
"אהבת ה'","מחשבות כלפי ה'","מאמרים בתנך",55,"תנך"
"אונס","זכויות השבויה","אונס בשדה הקרב",60,"מאמר"
"אונס","מדוע בתולה שאינה צועקת בעיר, אינה נחשבת לאנוסה?",,60,"מאמר"
"אונס","פיתוי ואונס בספר שמות ובספר דברים",,60,"מאמר"
"אי ודאות","אי ודאות?",,65,"תנך"
"איש ואשה","איש ואשה","מאמרים בתנך",55,"תנך"
"אכילה - חיות","טרפה ונבלה",,60,"מאמר"
"אלילים","אלילות","מאמרים בתנך",55,"תנך"
"אלילים","עגל הזהב בימינו",,60,"מאמר"
"אמת ושקר","אמת ושקר","מאמרים בתנך",55,"תנך"
"ארץ ישראל","ארץ הקודש",,60,"מאמר"
"בגדי איש ואשה","עירום בתנך",,60,"מאמר"
"בטחון בה'","בטחון בה'","מאמרים בתנך",55,"תנך"
"בטחון בה'","מה קרה במסה?","לא לתבוע מה' שישנה את התוכניות שלו לגבינו",60,"דרך"
"ביקורת ותוכחה","ביקורת ותוכחה","מאמרים בתנך",55,"תנך"
"בניית המקדש","אל תבנו לה' בית כמו שעושים הגויים!",,60,"מאמר"
"בעלי תפקידים","ממשל ומנהיגות","מאמרים בתנך",55,"תנך"
"בשר קודש - חג פסח","האם בני ישראל לא קיימו את מצוות ה' בפסח מצרים?",,60,"מאמר"
"גר","גר - תושב",,60,"הגדרה"
"גר","הלוואה בלי ריבית לגרים ולתושבים",,60,"מאמר"
"דרכי ה'","דרך ה' בפרשת סדום","לא להטיל עונשים קולקטיביים",60,"דרך"
"דרכי ה'","דרכי ה' שהתגלו למשה","להיות חזקים כשאחרים צריכים את עזרתנו",60,"דרך"
"ה' והאדם","ה' והאדם","מאמרים בתנך",55,"תנך"
"החוליות החלשות","פער כלכלי חברתי","מאמרים בתנך",55,"תנך"
"הטיה אחרי רבים","""לא תהיה... אחרי רבים להטות"" - איך הסיקו מכאן חז""ל שמצוה ללכת אחרי הרוב?",,60,"מאמר"
"הלואה בלי ריבית","הלוואה בלי ריבית לגרים ולתושבים",,55,"מאמר"
"הלואה לעניים","""כי לא יחדל אביון מקרב הארץ"" - אז מה?",,60,"מאמר"
"הלואה לעניים","המהפכה הסוציאליסטית",,60,"מאמר"
"הלוואות","הלוואות","מאמרים בתנך",55,"תנך"
"הקרבה","איך הבל הרשה לעצמו להקריב חיות כאשר היה אסור לאכול בשר?",,60,"מאמר"
"חג חנוכה","חג חנוכה","מאמרים בתנך",55,"תנך"
"חג סוכות","ויהי בשלם סוכו ומעונתו בציון",,70,"מאמר"
"חג סוכות","זכריה י""ד: והיה כל סיר בירושלים קדש לה' צבאות","חג הסוכות באחרית הימים על-פי ספר זכריה",55,"מאמר"
"חג סוכות","חג הסוכות או חג לה'?",,60,"מאמר"
"חג סוכות","סוכות בימי נחמיה",,55,"מאמר"
"חג סוכות","קהלת","מגילת קהלת - שנהוג לקרוא בסוכות",80,"מאמר"
"חג פורים","חג פורים","מאמרים בתנך",55,"תנך"
"חג פסח","4 בנים","4 בנים בהגדה של פסח",65,"מאמר"
"חג פסח","יציאת מצרים","מאמרים בתנ""ך על יציאת מצרים",60,"מאמר"
"חג פסח","פסח דורות",,60,"מאמר"
"חג פסח","שיר השירים","מגילת שיר השירים - שנהוג לקרוא בפסח",80,"מאמר"
"חג פסח - לחם","האם בני ישראל לא קיימו את מצוות ה' בפסח מצרים?",,60,"מאמר"
"חג פסח - לחם","פרשת המצות ופרשת הבכורות",,60,"מאמר"
"חג שבועות","רות","מגילת רות - שנהוג לקרוא בחג השבועות",80,"מאמר"
"חגי מדינת ישראל","חגי מדינת ישראל","מאמרים בתנך",55,"תנך"
"חוטא","למען יראו וייראו - האם זה מוסרי להעניש אדם רק כדי להרתיע אחרים?",,60,"מאמר"
"חיות","חיות","מאמרים בתנך",55,"תנך"
"חיי נישואין - איש ואשה","חיי נישואין","מאמרים בתנך",55,"תנך"
"טומאה - אדם מת","איך היטהרו הלויים בימי נחמיה?",,60,"מאמר"
"טעמי המצוות","בין דברות ראשונות לשניות",,60,"טעם"
"טעמי המצוות","הפעמונים על מעילו של הכהן הגדול",,60,"טעם"
"טעמי המצוות","חגיגת פורים - בנפול אויבך אל תשמח",,60,"טעם"
"טעמי המצוות","חושך שבטו - שונא בנו; ואוהבו - שיחרו מוסר",,60,"טעם"
"טעמי המצוות","חשיבות ההקשבה בשיעורים",,60,"טעם"
"טעמי המצוות","שיטת הבחינות",,60,"טעם"
"טעמי המצוות","שמלות",,60,"טעם"
"יום כיפור","יונה","ספר יונה - שנהוג לקרוא ביום כיפור",80,"מאמר"
"יום כיפור","תשובה אל ה'","מאמרים בתנ""ך על חזרה בתשובה",60,"מאמר"
"יציאת מצרים","יציאת מצרים","מאמרים בתנך",55,"תנך"
"יראת המקדש","משכן ה' הוא לא בית מטבחיים!",,60,"מאמר"
"לידת בכור","פרשת המצות ופרשת הבכורות",,60,"מאמר"
"לימוד תורה","0","אתר הניווט בתנ""ך",60,"אתר"
"לימוד תורה","טבלאות ללימוד תנ""ך מסודר","ללמוד נביאים וכתובים, בקצב יומי או שבועי",60,"דרך"
"לימוד תורה","לימוד תורה","מאמרים בתנך",55,"תנך"
"מזבח","בכל המקום אשר אזכיר את שמי",,60,"מאמר"
"מין בלי נישואין","הנשים חוטאות באשמת הגברים",,60,"מאמר"
"מין בלי נישואין","זנה - שתי משמעויות",,60,"מאמר"
"מין בלי נישואין","מהי קְדֵשָה ומהו קָדֵש?",,60,"מאמר"
"מלחמה","שלום ומלחמה","מאמרים בתנך",55,"תנך"
"מצוות לפי זמן","מועדים","מאמרים בתנך",55,"תנך"
"מצוות נגד עבדות","הלואה בריבית","איסור הלוואה בריבית",10,"מאמר"
"מצוות נגד עבדות","התנגדות למלוכה = התנגדות לעבדות","הגבלת המלוכה",10,"דרך"
"מקדש","המקום שבחר ה' לשים בו את שמו",,60,"מאמר"
"מקדש","מקדש","מאמרים בתנך",55,"תנך"
"מתנות","כסף וכלכלה","מאמרים בתנך",55,"תנך"
"מתנות עניים","""כי לא יחדל אביון מקרב הארץ"" - אז מה?",,60,"מאמר"
"נבואה","נבואה","מאמרים בתנך",55,"תנך"
"נדר - נזיר","נזירים בישראל",,60,"מאמר"
"ניאוף","הנשים חוטאות באשמת הגברים",,60,"מאמר"
"ניאוף","מדוע בתולה שאינה צועקת בעיר, אינה נחשבת לאנוסה?",,60,"מאמר"
"נשיא","התנגדות למלוכה",,60,"מאמר"
"עבד נכרי","האם מותר להעביד גויים בפרך?",,60,"מאמר"
"עזרה לזולת בעבודה","עזרה לזולת","מאמרים בתנך",55,"תנך"
"עמים אחרים","עמים אחרים","מאמרים בתנך",55,"תנך"
"עמלק","""זכור את אשר עשה לך עמלק"" לעומת ""ובנים לא יומתו על אבות""",,60,"מאמר"
"עמלק","על מי מוטלת האחריות למחות את זכר עמלק?",,60,"מאמר"
"ענישת מזיקים","עין תחת עין","לכפות על אדם, שהזיק לאיבר של חבירו, לתרום לו איבר חלופי",60,"דרך"
"פיתוי","פיתוי ואונס בספר שמות ובספר דברים",,60,"מאמר"
"פריה ורביה","פריה ורביה","מאמרים בתנך",55,"תנך"
"קידוש החודש","ויהי החודש הזה","""ויהי החודש הזה"" - שיר לראש חודש",80,"מאמר"
"ראש השנה","מדוע ראש השנה נחשב ליום הדין?",,60,"מאמר"
"ראש השנה","תשובה אל ה'","מאמרים בתנ""ך על חזרה בתשובה",60,"מאמר"
"שבת","השבת בספר ירמיהו",,60,"מאמר"
"שבת","לא תבערו אש בכל מושבותיכם ביום השבת",,60,"מאמר"
"שבת","מה הקשר בין ""מזמור שיר"" לבין ""יום השבת""?",,60,"מאמר"
"שבת","מצוות גורליות - שמירת שבת לעומת עשיית משפט בתוכחות ירמיהו",,65,"מאמר"
"שבת","פסוקי שבת בתורה",,60,"מאמר"
"שבת","שבת היום לה'",,60,"מאמר"
"שחרור עבד עברי","מבחן האמונה בירושלים ערב חורבנה",,60,"מאמר"
"שכירות","הלואה בריבית","ההבדל בין הלוואה בריבית לבין השכרה",60,"טעם"
"תאריכים","חודש האביב?","מהו ""חודש האביב""?",60,"דיון"
"תפילה אל ה'","תפילה אל ה'","מאמרים בתנך",55,"תנך"
"תקופת הקציר","ממחרת השבת",,60,"דיון"
"תשובה אל ה'","תשובה אל ה'","מאמרים בתנך",55,"תנך"
