"מספר מצוה","תת-מספר","ספר","פרק","psuq0","psuq1","ציטוט"
1,0,"בראשית","א",28,0,"ויאמר להם אלוהים פרו ורבו ומלאו את הארץ"
1,0,"בראשית","ט",1,0,"	ויברך אלוהים, את נוח ואת בניו; ויאמר להם פרו ורבו, ומלאו את הארץ."
1,0,"בראשית","ט",7,0,"ואתם, פרו ורבו; שרצו בארץ, ורבו בה."
2,0,"בראשית","יז",10,0,"זאת בריתי אשר תשמרו, ביני וביניכם, ובין זרעך, אחריך:  הימול לכם, כל זכר."
2,0,"ויקרא","יב",3,0,"וביום השמיני יימול בשר ערלתו"
3,0,"בראשית","לב",33,0,"על כן לא יאכלו בני ישראל את גיד הנשה"
4,0,"שמות","יב",2,0,"החדש הזה לכם ראש חדשים"
5,0,"שמות","יב",6,0,"ושחטו אותו כל קהל עדת ישראל בין הערבים"
6,0,"שמות","יב",8,0,"ואכלו את הבשר בלילה הזה"
7,0,"שמות","יב",9,0,"אל תאכלו ממנו נא ובשל מבושל במים כי אם צלי אש"
8,0,"שמות","יב",10,0,"ולא תותירו ממנו עד בקר"
9,0,"שמות","יב",15,0,"אך ביום הראשון תשביתו שאור מבתיכם"
10,0,"שמות","יב",18,0,"בערב תאכלו מצות"
11,0,"שמות","יב",19,0,"שבעת ימים שאור לא ימצא בבתיכם"
12,0,"שמות","יב",20,0,"כל מחמצת לא תאכלו"
13,0,"שמות","יב",43,0,"כל  בן נכר לא יאכל בו"
14,0,"שמות","יב",45,0,"תושב ושכיר לא יאכל בו"
15,0,"שמות","יב",46,0,"לא תוציא מן הבית מן הבשר חוצה"
16,0,"שמות","יב",46,0,"ועצם לא תשברו בו"
17,0,"שמות","יב",48,0,"וכל ערל לא יאכל בו"
18,0,"שמות","יג",2,0,"קדש לי כל בכור פטר רחם באדם ובבהמה לי הוא"
19,0,"שמות","יג",3,0,"ולא יאכל חמץ"
20,0,"דברים","טז",4,0,"ולא ייראה לך שאור בכל גבולך שבעת ימים..."
20,0,"שמות","יג",7,0,"ולא יראה לך חמץ ולא יראה לך שאור בכל גבולך"
21,0,"שמות","יג",8,0,"והגדת לבנך"
22,0,"שמות","יג",13,0,"וכל פטר רחם חמור תפדה בשה"
23,0,"שמות","יג",13,0,"ואם לא תפדה וערפתו"
24,0,"שמות","טז",29,0,"שבו איש תחתיו, אל יצא איש ממקומו ביום השביעי"
25,0,"שמות","כ",2,0,"אנוכי ה' אלהיך אשר הוצאתיך מארץ מצרים"
26,0,"שמות","כ",2,0,"לא יהיה לך אלהים אחרים על פני"
27,0,"שמות","כ",3,0,"לא תעשה לך פסל וכל תמונה"
28,0,"שמות","כ",4,0,"לא תשתחוה להם ולא תעבדם"
29,0,"שמות","כ",4,0,"ולא תעבדם"
30,0,"שמות","כ",6,0,"לא תשא את שם ה' אלהיך לשוא"
31,0,"שמות","כ",7,0,"זכור את יום השבת לקדשו"
32,0,"שמות","כ",9,0,"לא תעשה כל מלאכה"
33,0,"שמות","כ",11,0,"כבד את אביך ואת אמך"
34,0,"שמות","כ",12,0,"לא תרצח"
35,0,"ויקרא","יח",20,0,"ואל  אשת עמיתך לא תתן שכבתך לזרע לטמאה בה"
35,0,"שמות","כ",12,0,"לא תנאף"
36,0,"שמות","כ",12,0,"לא תגנוב"
36,0,"שמות","כא",16,0,"וגונב איש ומכרו  מות יומת"
37,0,"שמות","כ",12,0,"לא תענה ברעך עד שקר"
38,0,"דברים","ז",25,0,"לא תחמוד"
38,0,"שמות","כ",13,0,"לא תחמוד בית רעך"
39,0,"שמות","כ",19,0,"לא תעשון אתי"
40,0,"שמות","כ",21,0,"לא תבנה אתהן גזית"
41,0,"שמות","כ",22,0,"ולא תעלה במעלות על מזבחי אשר לא תגלה ערותך עליו"
42,0,"שמות","כא",2,0,"כי תקנה עבד עברי"
43,0,"שמות","כא",8,0,"אם רעה בעיני אדוניה אשר לא יעדה והפדה"
44,0,"שמות","כא",8,0,"והפדה"
45,0,"שמות","כא",8,0,"לעם נכרי לא ימשול למכרה בבגדו בה"
46,0,"שמות","כא",10,0,"שארה, כסותה, ועונתה לא יגרע"
47,0,"שמות","כא",12,0,"ומכה איש ומת מות יומת"
48,0,"שמות","כא",15,0,"ומכה אביו ואמו מות יומת"
49,0,"ויקרא","כד",19,0,"	ואיש, כי ייתן מום בעמיתו - כאשר עשה, כן ייעשה לו."
49,0,"שמות","כא",18,19,"	וכי יריבון אנשים--והכה איש את ריעהו, באבן או באגרוף; ולא ימות, ונפל למשכב. 	אם יקום והתהלך בחוץ, על משענתו--וניקה המכה:  רק שבתו ייתן, ורפוא ירפא"
50,0,"שמות","כא",20,0,"	וכי יכה איש את עבדו או את אמתו, בשבט, ומת, תחת ידו--נקום, יינקם."
51,0,"שמות","כא",28,0,"	וכי ייגח שור את איש או את אישה, ומת--סקול ייסקל השור... ובעל השור, נקי."
51,0,"שמות","כא",35,36,"	וכי ייגוף שור איש את שור ריעהו, ומת--ומכרו את השור החי, וחצו את כספו, וגם את המת, יחצון.
ו	או נודע, כי שור נגח הוא מתמול שלשום, ולא ישמרנו, בעליו--שלם ישלם שור תחת השור, והמת יהיה לו"
52,0,"שמות","כא",28,0,"...ולא יאכל את בשרו..."
53,0,"שמות","כא",33,34,"	וכי יפתח איש בור, או כי יכרה איש בור--ולא יכסנו; ונפל שמה שור, או חמור.
	בעל הבור ישלם, כסף ישיב לבעליו; והמת, יהיה לו"
54,0,"שמות","כא",37,0,"	כי יגנוב איש שור או שה, וטבחו או מכרו--חמישה בקר, ישלם תחת השור, וארבע צאן, תחת השה... 	אם הימצא תימצא בידו הגניבה, משור עד חמור עד שה--חיים:  שניים, ישלם."
55,0,"שמות","כב",4,0,"	כי יבער איש, שדה או כרם, ושילח את בעירו, וביער בשדה אחר--מיטב שדהו ומיטב כרמו, ישלם"
56,0,"שמות","כב",5,0,"	כי תצא אש ומצאה קוצים, ונאכל גדיש, או הקמה, או השדה--שלם ישלם, המבעיר את הבעירה."
57,0,"שמות","כב",6,7,"	כי ייתן איש אל ריעהו כסף או כלים לשמור, וגונב, מבית האיש--אם יימצא הגנב, ישלם שניים.
	אם לא יימצא הגנב, ונקרב בעל הבית אל האלוהים:  אם לא שלח ידו, במלאכת ריעהו"
58,0,"שמות","כב",8,0,"	על כל דבר פשע על שור על חמור על שה על שלמה על כל אבידה, אשר יאמר כי הוא זה--עד האלוהים, יבוא דבר שניהם:  אשר ירשיעון אלוהים, ישלם שניים לריעהו"
59,0,"שמות","כב",9,0,"כי יתן איש אל רעהו חמור או שה וכל בהמה לשמור"
60,0,"שמות","כב",13,0,"וכי ישאל איש מעם רעהו וגו'"
61,1,"שמות","כב",15,16,"וכי יפתה איש בתולה... מהר ימהרנה לו לאשׁה"
61,2,"שמות","כב",15,16,"וכי יפתה איש בתולה... מהר ימהרנה לו לאשׁה"
62,0,"שמות","כב",17,0,"מכשפה לא תחיה"
63,0,"ויקרא","יט",33,0,"לא תונו אותו"
63,0,"שמות","כב",20,0,"וגר לא תונה"
64,0,"שמות","כב",20,0,"ולא תלחצנו"
65,1,"שמות","כב",21,0,"כל אלמנה ויתום לא תענון"
65,2,"שמות","כב",21,0,"כל אלמנה ויתום לא תענון"
66,0,"דברים","טו",8,0,"כי פתוח תפתח את ידך לו, והעבט תעביטנו די מחסורו אשר יחסר לו"
66,0,"ויקרא","כה",35,0,"וכי ימוך אחיך, ומטה ידו עימך--והחזקת בו..."
66,0,"שמות","כב",24,0,"אם כסף תלוה את עמי, את העני עימך..."
67,0,"שמות","כב",24,0,"לא תהיה לו כנשה"
68,0,"שמות","כב",24,0,"לא תשימון עליו נשך"
69,0,"שמות","כב",27,0,"אלהים לא תקלל"
70,0,"שמות","כב",27,0,"אלהים לא תקלל"
71,0,"שמות","כב",27,0,"ונשיא בעמך לא תאור"
72,0,"שמות","כב",28,0,"מלאתך ודמעתך לא תאחר"
73,0,"שמות","כב",30,0,"ובשר בשדה טרפה לא תאכלו"
74,0,"שמות","כג",1,0,"לא תשא שמע שוא"
75,0,"שמות","כג",1,0,"אל תשת ידך עם רשע להיות עד חמס"
76,0,"שמות","כג",2,0,"לא תהיה אחרי רבים לרעות"
77,0,"שמות","כג",2,0,"ולא תענה על ריב לנטות"
78,0,"שמות","כג",2,0,"אחרי רבים להטות"
79,0,"ויקרא","יט",15,0,"לא תשא פני דל"
79,0,"שמות","כג",3,0,"ודל לא תהדר בריבו"
80,0,"שמות","כג",5,0,"כי תראה חמור שונאך רובץ תחת משאו, וחדלת מעזוב לו, עזוב תעזוב עמו"
81,0,"שמות","כג",6,0,"לא תטה משפט אביונך בריבו"
82,0,"שמות","כג",7,0,"ונקי וצדיק אל תהרוג"
83,0,"דברים","טז",19,0,"לא תקח שוחד"
83,0,"שמות","כג",8,0,"ושוחד לא תקח"
84,0,"שמות","כג",11,0,"והשביעית תשמטנה ונטשתה"
84,0,"שמות","לד",21,0,"בחריש ובקציר תשבות"
85,0,"שמות","כג",12,0,"וביום השביעי תשבות"
86,0,"שמות","כג",13,0,"ושם אלהים אחרים לא תזכירו"
87,0,"שמות","כג",13,0,"לא ישמע על פיך"
88,0,"שמות","כג",14,0,"שלש רגלים תחג לי בשנה"
89,0,"שמות","כג",18,0,"לא תזבח על חמץ דם זבחי"
90,0,"שמות","כג",18,0,"ולא ילין חגי עד הבקר"
90,0,"שמות","לד",25,0,"ולא ילין לבקר זבח חג הפסח"
91,0,"שמות","כג",19,0,"ראשית ביכורי אדמתך תביא"
92,0,"דברים","יד",21,0,"... לא תבשל גדי בחלב אמו"
92,0,"שמות","כג",19,0,"לא תבשל גדי בחלב אמו"
93,0,"שמות","כג",32,0,"לא תכרות להם ולאלהיהם ברית"
94,0,"שמות","כג",33,0,"לא ישבו בארצך פן יחטיאו אותך"
95,0,"שמות","כה",8,0,"ועשו לי מקדש"
96,0,"שמות","כה",15,0,"בטבעות הארון יהיו הבדים לא יסורו ממנו"
97,0,"שמות","כה",30,0,"ונתת על השלחן לחם פנים לפני תמיד"
98,0,"שמות","כז",21,0,"יערוך אותו אהרון ובניו"
99,0,"שמות","כח",4,0,"ועשו בגדי קדש לאהרון אחיך ולבניו"
100,0,"שמות","כח",28,0,"לא יזח החשן מעל האפוד"
101,0,"שמות","כח",32,0,"לא יקרע"
102,0,"שמות","כט",33,0,"ואכלו אותם אשר כופר בהם"
103,0,"שמות","ל",7,0," והקטיר עליו אהרן קטרת סמים בבוקר בבוקר בהטיבו את הנרות"
104,0,"שמות","ל",9,0,"לא תעלו עליו קטרת זרה"
105,0,"שמות","ל",13,0,"זה יתנו כל העבר על הפקודים"
106,0,"שמות","ל",19,0,"ורחצו אהרן ובניו ממנו את ידיהם ואת רגליהם בבאם אל אהל מועד"
107,0,"ויקרא","כא",10,0,"והכהן הגדול... אשר יוצק על ראשו שמן המשחה"
107,0,"שמות","ל",25,0,"ועשית אותו שמן משחת קודש"
108,0,"שמות","ל",32,0,"על בשר אדם לא ייסך"
109,0,"שמות","ל",32,0,"ומתכונתו לא תעשו"
110,0,"שמות","ל",37,0,"במתכנתה לא תעשו לכם"
110,0,"שמות","ל",38,0,"איש אשר יעשה כמוה להריח בה"
111,0,"שמות","לד",12,15,"השמר לך פן תכרות ברית ליושב הארץ...וזבחו לאלהיהם וקרא לך ואכלת מזבחו"
112,0,"ויקרא","כה",5,0,"שבת שבתון יהיה לארץ"
112,0,"שמות","לד",21,0,"בחריש ובקציר תשבות"
113,0,"שמות","לד",26,0,"לא תבשל גדי בחלב אמו"
114,0,"שמות","לה",3,0,"לא תבערו  אש בכל מושבותיכם ביום השבת"
115,0,"ויקרא","א",3,0,"אם עולה קרבנו"
116,0,"ויקרא","ב",1,0,"ונפש כי תקריב קרבן מנחה"
116,0,"ויקרא","ב",5,0,"אם מנחה על מחבת"
116,0,"ויקרא","ב",7,0,"ואם מנחת מרחשת"
117,0,"ויקרא","ב",11,0,"כי כל שאור וכל דבש לא תקטירו ממנו אשה לה'"
118,0,"ויקרא","ב",13,0,"ולא תשבית מלח ברית אלקיך מעל מנחתך"
119,0,"ויקרא","ב",13,0,"על כל קרבנך תקריב מלח"
120,0,"ויקרא","ד",13,0,"ואם כל עדת ישראל ישגו ונעלם דבר מעני הקהל"
121,0,"ויקרא","ד",27,0,"ואם נפש אחת תחטא בשגגה מעם הארץ"
122,0,"ויקרא","ה",1,0,"והוא עד או ראה או ידע אם לא יגיד ונשא עונו"
123,0,"ויקרא","ה",1,0,"ונפש כי תחטא ושמעה קול אלה"
124,0,"ויקרא","ה",8,0,"ומלק את ראשו ממול ערפו ולא יבדיל"
125,0,"ויקרא","ה",11,0,"לא ישים עליה שמן"
126,0,"ויקרא","ה",11,0,"ולא יתן עליה לבונה"
127,0,"ויקרא","ה",15,0,"ונפש כי תמעול מעל"
127,0,"ויקרא","ה",16,0,"ואת אשר חטא מן הקדש ישלם חמישתו יוסיף עליו"
128,0,"ויקרא","ה",17,18,"ואם נפש כי תחטא ועשתה מכל מצוות ה' אשר לא תעשנה ולא ידע ואשם ונשא עונו והביא איל תמים..."
129,0,"ויקרא","ה",21,0,"ונפש כי תחטא ומעלה מעל בה' וכחש בעמיתו"
130,0,"ויקרא","ה",23,0,"והשיב את הגזלה אשר גזל"
131,0,"ויקרא","ו",3,0,"ולבש הכהן מדו בד...והרים את הדשן"
132,0,"ויקרא","ו",6,0,"אש תמיד תוקד על המזבח"
133,0,"ויקרא","ו",6,0,"אש תמיד תוקד על המזבח לא תכבה"
134,0,"ויקרא","ו",9,0,"והנותרת ממנו יאכלו אהרון ובניו מצות תאכל"
135,0,"ויקרא","ו",10,0,"לא תאפה חמץ חלקם נתתי אותה מאשי"
136,0,"ויקרא","ו",13,0,"זה קרבן אהרן ובניו אשר יקריבו לה'"
137,0,"ויקרא","ו",16,0,"וכל מנחת כהן כליל תהיה לא תאכל"
138,0,"ויקרא","ו",18,0,"זאת תורת החטאת"
139,0,"ויקרא","ו",23,0,"וכל חטאת אשר יובא מדמה אל אהל מועד לכפר בקדש באש תשרף"
140,0,"ויקרא","ז",1,0,"וזאת תורת האשם"
141,0,"ויקרא","ג",1,0,"ואם זבח שלמים קרבנו"
141,0,"ויקרא","ז",11,12,"וזאת תורת זבח השלמים"
142,0,"ויקרא","ז",15,0,"לא יניח ממנו עד בקר"
143,0,"ויקרא","ז",17,0,"והנותר מבשר הזבח ביום השלישי באש ישרף"
144,0,"ויקרא","ז",18,0,"ואם האכל יאכל...והנפש האכלת ממנו עונה תשא"
145,0,"ויקרא","ז",19,0,"והבשר אשר יגע בכל טמא לא יאכל"
146,0,"ויקרא","ז",19,0,"והבשר אשר יגע בכל טמא לא יאכל  באש ישרף"
147,0,"ויקרא","ז",23,0,"כל חלב שור וכשב ועז לא תאכלו"
148,0,"ויקרא","ז",26,0,"וכל דם לא תאכלו"
149,0,"ויקרא","י",6,0,"ראשיכם אל תפרעו"
150,0,"ויקרא","י",6,0,"ובגדיכם לא תפרומו"
151,0,"ויקרא","י",7,0,"ומפתח אהל מועד לא תצאו פן תמתו"
152,0,"ויקרא","י",9,0,"יין ושכר אל תשת...בבאכם אל אהל מועד"
153,0,"ויקרא","יא",2,3,"זאת החיה אשר תאכלו מכל הבהמה אשר על הארץ כל מפרסת פרסה..."
154,0,"דברים","יד",4,5,"	זאת הבהמה, אשר תאכלו:  שור, שה כשבים ושה עיזים.
	אייל וצבי, ויחמור; ואקו ודישון, ותאו וזמר."
154,0,"ויקרא","יא",4,7,"את זה לא תאכלו ממעלי הגרה וממפריסי הפרסה את הגמל והחזיר..."
155,0,"ויקרא","יא",9,0,"את זה תאכלו מכל אשר במים"
156,0,"ויקרא","יא",11,0,"מבשרם לא תאכלו ואת נבלתם תשקצו"
157,0,"ויקרא","יא",13,20,"ואת אלה תשקצו מן העוף לא יאכלו"
158,0,"ויקרא","יא",21,0,"אשר לו כרעים ממעל לרגליו"
159,0,"ויקרא","יא",29,0,"וזה לכם הטמא בשרץ השורץ על הארץ החולד והעכבר..."
160,0,"ויקרא","יא",34,0,"מכל האוכל אשר יאכל אשר יבא עליו מים."
161,0,"ויקרא","יא",39,0,"וכי ימות מן הבהמה אשר היא לכם לאכלה"
162,0,"ויקרא","יא",41,0,"וכל השרץ השורץ על הארץ שקץ הוא לא יאכל"
163,0,"ויקרא","יא",42,0,"לכל השרץ השורץ  על הארץ לא תאכלום"
164,0,"ויקרא","יא",43,0,"אל תשקצו את נפשותיכם בכל השרץ השורץ ולא תטמאו בהם ונטמתם בם"
165,0,"ויקרא","יא",44,0,"ולא תטמאו את נפשותיכם בכל השרץ הרומש על הארץ"
166,0,"ויקרא","יב",2,5,"אשה כי תזריע וילדה זכר טמאה שבעת יימים וגו'"
167,0,"ויקרא","יב",4,0,"כבל קדש לא תגע"
168,0,"ויקרא","יב",6,0,"ובמלאת ימי טהרה לבן או לבת תביא וגו'"
169,0,"ויקרא","יג",2,0,"אדם כי יהיה בעור בשרו וגו'"
170,0,"ויקרא","יג",33,0,"ואת הנתק לא יגלח"
171,1,"ויקרא","יג",45,0,"בגדיו יהיו פרומים וראשו יהיה פרוע"
171,2,"ויקרא","יג",45,0,"בגדיו יהיו פרומים וראשו יהיה פרוע"
172,0,"ויקרא","יג",47,0,"והבגד כי יהיה בו נגע"
173,0,"ויקרא","יד",2,0,"זאת תהיה תורת המצורע"
174,0,"ויקרא","יד",9,0,"והיה ביום השביעי יגלח את כל שערו"
175,0,"ויקרא","יד",9,0,"ורחץ את בשרו"
176,0,"ויקרא","יד",10,0,"וביום השמיני יקח שני כבשים תמימים וכבשה אחת"
177,0,"ויקרא","יד",35,0,"ובא אשר לו הבית"
178,0,"ויקרא","טו",2,3,"איש איש כייהיה זב מבשרו,,,זאת תהיהי טומאתו"
179,0,"ויקרא","טו",13,14,"וכי יטהר הזב מזבו...וביום השמיני יקח לו שני תורים..."
180,0,"ויקרא","טו",16,0,"ואיש כי תצא ממנו שכבת זרע וגו'"
181,0,"ויקרא","טו",19,0,"וכל הנוגע בה יטמא עד הערב"
182,0,"ויקרא","טו",25,0,"ואשה כי יזוב זוב דמה ימים רבים"
183,0,"ויקרא","טו",28,29,"ואם טהרה מזובה...וביום השמיני תקח לה שתי תורים"
184,0,"ויקרא","טז",2,0,"ואל יבא בכל עת"
185,0,"ויקרא","טז",3,0,"בזאת יבא אהרון אל הקודש"
186,0,"ויקרא","יז",3,4,"אשר ישחט שור או כבש או עז...ואל פתח אהל מועד לא הביאו ...דם שפך ונכרת"
187,0,"ויקרא","יז",13,0,"אשר יצוד ציד חיה או עוף אשר יאכל ושפך דמו וכסהו בעפר"
188,0,"ויקרא","יח",6,0,"איש איש אל כל שאר בשרו לא תקרבו לגלות ערוה"
189,0,"ויקרא","יח",7,0,"ערות אביך... לא תגלה"
190,0,"ויקרא","יח",7,0,"אמך היא לא תגלה ערותה"
191,0,"דברים","יח",8,0,"ערות אשת אביך לא תגלה"
192,0,"ויקרא","יח",9,0,"ערות אחותך בת אביך או בת אמך מולדת בית או מולדת חוץ לא תגלה"
193,0,"ויקרא","יח",10,0,"ערות בת בנך...לא תגלה"
194,0,"ויקרא","יח",10,0,"או בת בתך לא תגלה ערותן כי ערותך היא"
195,0,"ויקרא","יח",17,0,"שארה הנה"
196,0,"ויקרא","יח",11,0,"ערות בת אשת אביך... לא תגלה"
197,0,"ויקרא","יח",12,0,"ערות אחות אביך לא תגלה"
198,0,"ויקרא","יח",13,0,"ערות אחות אמך לא תגלה"
199,0,"ויקרא","יח",14,0,"ערות אחי אביך לא תגלה"
200,0,"ויקרא","יח",14,0,"אל אשתו לא תקרב דודתך היא"
201,0,"ויקרא","יח",15,0,"ערות כלתך לא תגלה"
202,0,"ויקרא","יח",16,0,"ערות אשת אחיך לא תגלה"
203,0,"ויקרא","יח",17,0,"ערות אשה ובתה לא תגלה"
204,0,"ויקרא","יח",17,0,"את בת בנה לא תקח"
205,0,"ויקרא","יח",17,0,"ואת בת בתה לא תקח"
206,0,"ויקרא","יח",18,0,"ואשה אל אחותה לא תקח לצרור..."
207,0,"ויקרא","יח",19,0,"ואל אשה בנידת טומאתה לא תקרב"
208,0,"ויקרא","יח",21,0,"ומזרעך לא תתן להעביר למולך"
209,0,"ויקרא","יח",22,0,"ואת זכר לא תשכב משכבי אשה"
210,0,"ויקרא","יח",23,0,"ובכל בהמה לא תתן שכבתך"
211,0,"ויקרא","יח",23,0,"ואשה לא תעמוד בפני בהמה לרבעה"
212,0,"ויקרא","יט",3,0,"איש  אמו ואביו תראו"
213,0,"ויקרא","יט",4,0,"אל תפנו אל האלילים"
214,0,"ויקרא","יט",4,0,"ואלהי מסכה לא תעשו לכם"
215,0,"ויקרא","יט",6,8,"והנותר עד היום השלישי...פגול הוא לא ירצה ואכליו עונו ישא"
215,0,"שמות","כט",34,0,"לא יאכל כי קדש הם"
216,0,"ויקרא","יט",10,0,"לעני ולגר תעזוב אותם"
217,0,"ויקרא","יט",9,0,"לא תכלה פאת שדך לקצור"
218,0,"ויקרא","יט",10,0,"לעני ולגר תעזוב אותם"
219,0,"ויקרא","יט",9,0,"ולקט קצירך לא תלקט"
220,0,"ויקרא","יט",10,0,"וכרמך לא תעולל...לעני ולגר תעזוב אותם"
221,0,"ויקרא","יט",10,0,"וכרמך לא תעולל"
222,0,"ויקרא","יט",10,0,"לעני ולגר תעזוב אותם"
223,0,"ויקרא","יט",10,0,"ופרט כרמך לא תלקט"
224,0,"ויקרא","יט",11,0,"לא תגנובו"
225,0,"ויקרא","יט",11,0,"ולא תכחשו"
226,0,"ויקרא","יט",11,0,"ולא תשקרו"
227,0,"ויקרא","יט",12,0,"ולא תשבעו בשמי לשקר"
228,0,"ויקרא","יט",13,0,"לא תעשוק את רעך"
229,0,"ויקרא","יט",13,0,"ולא תגזול"
230,0,"דברים","כד",15,0,"ולא תבוא עליו השמש"
230,0,"ויקרא","יט",13,0,"לא תלין פעולת שכיר אתך עד בקר"
231,0,"ויקרא","יט",14,0,"לא תקלל חרש"
232,0,"ויקרא","יט",14,0,"ולפני עור לא תתן מכשול"
233,0,"ויקרא","יט",15,0,"לא תעשו עול במשפט"
234,0,"ויקרא","יט",15,0,"לא תהדר פני גדול"
235,0,"ויקרא","יט",15,0,"בצדק תשפוט עמיתך"
236,0,"ויקרא","יט",16,0,"לא תלך רכיל"
237,0,"ויקרא","יט",16,0,"לא תעמוד על דם רעך"
238,0,"ויקרא","יט",17,0,"לא תשנא את אחיך בלבבך"
239,0,"ויקרא","יט",17,0,"הוכח תוכיח את עמיתך"
240,0,"ויקרא","יט",17,0,"הוכח תוכיח את עמיתך ולא תישא עליו חטא"
241,0,"ויקרא","יט",18,0,"לא תקום"
242,0,"ויקרא","יט",18,0,"ולא תטור"
243,0,"ויקרא","יט",18,0,"ואהבת לרעך כמוך"
244,0,"ויקרא","יט",19,0,"בהמתך לא תרביע כלאים"
245,0,"ויקרא","יט",19,0,"שדך לא תזרע כלאים"
246,0,"ויקרא","יט",23,0,"שלש שנים יהיה לכם ערלים לא יאכל"
247,0,"ויקרא","יט",23,24,"ונטעתם כל  עץ מאכל...ובשנה הרביעית יהיה כל פריו קדש הילולים לה'"
248,0,"ויקרא","יט",26,0,"לא תאכלו על הדם"
249,0,"דברים","יח",10,0,"לא ימצא בך...ומנחש"
249,0,"ויקרא","יט",26,0,"לא תנחשו"
250,0,"דברים","יח",2,0,"לא ימצא בך... מעונן"
250,0,"ויקרא","יט",26,0,"ולא תעוננו"
251,0,"ויקרא","יט",27,0,"לא תקיפו פאת ראשיכם"
252,0,"ויקרא","יט",27,0,"ולא תשחית את פאת זקנך"
253,0,"ויקרא","יט",28,0,"וכתובת קעקע לא תתנו"
254,0,"ויקרא","יט",30,0,"ומקדשי תראו"
255,0,"ויקרא","יט",31,0,"אל תפנו אל האובות"
256,0,"ויקרא","יט",31,0,"אל תפנו... ואל הידעונים"
257,0,"ויקרא","יט",32,0,"מפני ששיבה תקום"
258,0,"ויקרא","יט",35,0,"לא תעששו עול במשפט במדה במשקל ובמשורה"
259,0,"ויקרא","יט",36,0,"מאזני צדק אבני צדק איפת צדק והין צדק יהיה לכם"
260,0,"ויקרא","כ",9,0,"איש איש אשר יקלל את אביו ואת אימו..."
261,0,"ויקרא","כ",14,0,"באש ישרפו אותו ואתהן"
262,0,"דברים","יב",30,0,"השמר לך פן תנקש אחריהם"
262,0,"ויקרא","כ",23,0,"ולא תלכו בחוקות הגוי אשר אני משלח מפניכם"
263,0,"ויקרא","כא",1,0,"לא יטמא בעמיו"
264,1,"ויקרא","כא",3,0,"לה יטמא"
264,2,"ויקרא","כא",3,0,"לה יטמא"
265,0,"ויקרא","יא",32,0,"במים יובא וטמא עד הערב וטהר"
265,0,"ויקרא","כא",6,0,"ולא יחללו שם אלהיהם"
266,0,"ויקרא","כא",7,0,"אשה זונה וחללה לא יקחו"
267,0,"ויקרא","כא",7,0,"אשה זונה וחללה לא יקחו"
268,0,"ויקרא","כא",7,0,"ואשה גרושה מאשה לא יקחו"
269,0,"ויקרא","כא",8,0,"וקדשתו כי את לחם אליהך..."
270,0,"ויקרא","כא",11,0,"ועל כל נפשות מת לא יבוא"
271,0,"ויקרא","כא",11,0,"לאביו ולאמו לא יטמא"
272,0,"ויקרא","כא",13,0,"והוא אשה בבתוליה יקח"
273,0,"ויקרא","כא",14,0,"אלמנה גרושה זונה וחללה את אלא לא יקח"
274,0,"ויקרא","כא",15,0,"ולא יחלל זרעו בעמיו"
275,0,"ויקרא","כא",17,0,"איש מזרעך לדורותם אשר יהיה בו מום לא יקרב להקריב לחם אלהיו"
276,0,"ויקרא","כא",21,0,"כל איש אשר בו מום מזרע אהרן הכהן לא יגש"
277,0,"ויקרא","כא",23,0,"אך אל הפרוכת לא יבא ואל המזבח לא יגש"
278,0,"ויקרא","כב",2,0,"וינזרו מקדשי בני ישראל ולא יחללו את שם קדשי"
278,0,"ויקרא","כב",9,0,"ומתו בו כי יחללוהו"
279,0,"ויקרא","כב",4,0,"איש איש מזרע אהרן...בקדששים לא יאכל עד אשר יטהר"
279,0,"ויקרא","כב",9,0,"ושמרו את משמרתי"
280,0,"ויקרא","כב",9,0,"מתו בו כי יחללהו"
280,0,"ויקרא","כב",10,0,"וכל זר לא יאכל קדש"
281,0,"ויקרא","כב",9,0,"ומתו בו כי יחללהו"
281,0,"ויקרא","כב",10,0,"תושב כהן ושכיר לא יאכל קדש"
282,0,"ויקרא","כב",10,0,"תושב כהן ושכיר לא יאכל קדש"
283,0,"ויקרא","כב",12,0,"ובת כהן כי תהיה לאיש זר היא בתרומת הקדשים לא תאכל"
284,0,"במדבר","יח",32,0,"ואת קדשי בני ישראל לא תחללו ולא תמותו"
284,0,"ויקרא","כב",15,0,"ולא יחללו את קדשי בני ישראל אשר ירימו לה'"
285,0,"ויקרא","כב",20,0,"כל אשר בו מום לא תקריבו"
286,0,"ויקרא","כב",21,0,"תמים יהיה לרצון"
287,0,"ויקרא","כב",21,0,"כל מום לא יהיה בו"
288,0,"ויקרא","כב",22,0,"עורת או שבור או חרוץ או יבלת או גרב או ילפת לא תקריבו אלא לה'"
289,0,"ויקרא","כב",22,0,"לא תקריבו אלא לה'"
290,0,"ויקרא","כב",22,0,"ואשה לא תתנו מהם על המזבח"
291,1,"ויקרא","כב",24,0,"ובארצכם לא תעשו"
291,2,"ויקרא","כב",24,0,"ובארצכם לא תעשו"
292,0,"ויקרא","כב",25,0,"ומיד בן נכר לא  תקריבו את לחם אלהיכם מכל אלה"
293,0,"ויקרא","כב",27,0,"שור או כשב או עז כי יולד והיה שבעת ימים תחת אימו ומיום השמיני והלאה ירצה"
294,0,"ויקרא","כב",28,0,"אותו ואת בנו לא תשחטו ביום אחד"
295,0,"ויקרא","יח",21,0,"ולא תחלל את שם אלהיך אני ה'"
295,0,"ויקרא","כב",32,0,"ולא תחללו את שם קדשי"
296,0,"ויקרא","כב",32,0,"ונקדשתי בתוך בני ישראל"
297,0,"ויקרא","כג",7,0,"ביום הראשון מקרא קודש"
298,0,"דברים","כג",7,0,"ביום הראשון מקרא קדש יהיה לכם כל מלאכת עבודה לא תעשו"
298,0,"שמות","יב",16,0,"כל מלאכה לא יעשה בהם"
299,0,"במדבר","כח",19,0,"אשה עולה"
299,0,"ויקרא","כג",8,0,"והקרבתם אשה לה' שבעת ימים"
300,0,"ויקרא","כג",8,0,"וביום השביעי מקרא קודשץ"
301,0,"ויקרא","כג",8,0,"כל מלאכת עבודה לא תעשו"
302,0,"ויקרא","כג",10,11,"כי תבואו אל הארץ...והבאתם את העומר ראשית קצירכם אל הכהן והנ יף את העומר"
303,0,"ויקרא","כג",14,0,"ולחם קלי וכרמל לא תאכלו עד עצם היום הזה."
304,0,"ויקרא","כג",14,0,"וקלי וגו'"
305,0,"ויקרא","כג",14,0,"וכרמל לא תאכלו"
306,0,"דברים","טז",9,0,"שבעה שבועות תספר לך"
306,0,"ויקרא","כג",15,0,"וספרתם לכם ממחרת השבת מיום הביאכם את עומר התנופה"
306,0,"ויקרא","כג",16,0,"תספרו חמישים יום"
307,0,"ויקרא","כג",16,0,"מנחה חדשה"
307,0,"ויקרא","כג",17,0,"ממוששבותיכם תביאו לחם תנופה  שתיים שני עשרונים"
308,0,"ויקרא","כג",21,0,"וקראתם בעצם היום הזה מקרא קדש"
309,0,"ויקרא","כג",15,16,"וספרתם לכם ממחרת השבת...תספרו חמישים יום"
310,0,"ויקרא","כג",24,0,"בחדש השביעי באחד לחדש יהיה לכם שבתון"
311,0,"ויקרא","כג",24,25,"בחדש השביעי באחד לחדש...כל מלאכת עבודה לא תעשו"
312,0,"ויקרא","כג",24,25,"ובחודש השביעי באחד לחדש...ועשיתם עולה לריח ניחוח"
313,0,"ויקרא","כג",27,0,"בעשור לחדש...ועניתם את נפשותיכם"
313,0,"ויקרא","כג",32,0,"שבת שבתון"
314,0,"במדבר","כט",8,0,"והקרבתם עולה לה' ריח ניחוח פר  בן בקר אחד..."
314,0,"ויקרא","כג",27,0,"אך בעשור לחדש...והקרבתם אשה לה'"
315,0,"ויקרא","כג",27,0,"בעשור לחדש השביעי...וכל מלאכה לא תעשו בעצם היום הזה כי יום כיפורים הוא לכפר עליכם"
316,0,"ויקרא","כג",29,0,"כי כל הנפש אשר לא תעונה בעצם היום הזה ונכרתה"
317,0,"ויקרא","כג",32,0,"שבת שבתון הוא לכם"
318,0,"ויקרא","כג",35,0,"ביום הראשון מקרא קודש"
319,0,"ויקרא","כג",34,35,"בחמישה עשר יום לחדש השביעי...ביום הראשון מקרא קודש כל מלאכת עבודה לא תעשו"
320,0,"ויקרא","כג",36,0,"שבעת ימים תקריבו אשה"
321,0,"ויקרא","כג",36,0,"ביום השמיני מקרא קודש יהיה לכם"
322,0,"ויקרא","כג",36,0,"והקרבתם אשה לךה' עצרת היא..."
323,0,"ויקרא","כג",36,0,"ביום השמיני מקרא קודש...כל  מלאכת עבודה לא תעשו"
324,0,"ויקרא","כג",40,0,"ולקחתם לכם ביום הראשון פרי עץ הדר כפות תמרים וענף עץ עבות וערבי נחל"
325,0,"ויקרא","כג",42,0,"בסוכות תשבו שבעת ימים"
326,0,"ויקרא","כה",4,0,"ובשנה השביעית...שדך לא תזרע"
327,0,"ויקרא","כה",4,0,"וכרמך לא תזמור"
328,0,"דברים","כה",5,0,"את ספיח קצירך לא תקצור"
329,0,"ויקרא","כה",5,0,"ואת ענבי נזירך לא תבצור"
330,0,"ויקרא","כה",8,0,"וספרת לך שבע שבתות שנים שבע שנים שבע פעמים"
331,0,"ויקרא","כה",9,10,"והעברת שופר תרועה... ביום הכיפורים תעבירו שופר בכל ארצכם...וקראתם דרור בארץ"
332,0,"ויקרא","כה",10,0,"וקדשתם את שנת החמישים שנה"
333,0,"ויקרא","כה",11,0,"לא תזרעו"
334,0,"ויקרא","כה",11,0,"ולא תקצרו"
335,0,"ויקרא","כה",11,0,"ולא תבצרו את נזריה"
336,0,"ויקרא","כה",14,0,"וכי תמכרו...או קנה מיד עמיתך"
337,0,"ויקרא","כה",14,0,"וכי תמכרו ממכר לעמיתך או קנה מיד עמיתך אל תונו איש את אחיו"
338,0,"ויקרא","כה",17,0,"ולא תונו איש את עמיתו"
339,0,"ויקרא","כה",23,0,"והארץ לא תמכר לצמיתות"
340,0,"ויקרא","כה",24,0,"ובכל ארץ אחוזתכם גאולה תתנו לארץ"
341,0,"ויקרא","כה",29,0,"ואיש כי ימכור בית מושב עיר חומה"
342,0,"ויקרא","כה",34,0,"ושדה ומגרש עריהם לא ימכר"
343,0,"ויקרא","כה",37,0,"את כספך לא תתן בנשך ובמרבית לא תתן אכלך"
344,0,"ויקרא","כה",39,0,"לא תעבוד בו עבודת עבד"
345,0,"ויקרא","כה",42,0,"לא ימכרו ממכר עבד"
346,0,"ויקרא","כה",43,0,"לא   תרדה בו בפרך"
347,0,"ויקרא","כה",46,0,"לעולם בהם תעבודו"
348,0,"ויקרא","כה",53,0,"לא ירדנו בפרך לעניך"
349,0,"ויקרא","כו",1,0,"ואבן משכית לא תתנו בארצכם להשתחוות עליה"
350,0,"ויקרא","כז",2,8,"איש כי יפליא נדר בערכך נפשות לה'..."
351,0,"ויקרא","כז",10,0,"לא יחליפנו ולא ימיר אותו"
352,0,"ויקרא","כז",10,0,"והיה הוא ותמורתו יהיה קדש"
353,0,"דברים","כז",11,12,"והעמיד את הבהמה לפני הכהן והעריך הכהן אותה"
354,0,"ויקרא","כז",14,0,"ואיש כי יקדיש את ביתו קדש"
355,0,"דברים","כז",16,0,"זרע חומר שעורים בחמישים שקל כסף לכל שני היובל"
356,0,"ויקרא","כז",26,0,"לא יקדיש איש אותו"
357,0,"ויקרא","כז",21,0,"כשדה החרם לכהן תהיה אחוזתו"
357,0,"ויקרא","כז",28,0,"אך כל חרם אשר יחרים איש... כל חרם קדש קדשים הוא לה'"
358,0,"ויקרא","כז",28,0,"כל חרם...לא יימכר"
359,0,"ויקרא","כז",28,0,"כל חרם...לא יגאל"
360,0,"ויקרא","כז",32,0,"וכל מעשר בקר וצאן כל אשר יעבורו תחת השבט העשירי יהיה קדש"
361,0,"ויקרא","כז",33,0,"לא יגאל"
362,0,"במדבר","ה",2,0,"צו את בני ישראל וישלחו מן המחנה כל צרוע וכל זב וכל טמא לנפש"
363,0,"במדבר","ה",3,0,"ולא יטמאו את מחניהם"
363,0,"במדבר","יט",20,0,"את מקדש ה' טמא...ונכרתה"
363,0,"ויקרא","יב",4,0,"ואל המקדש לא תבא"
364,0,"במדבר","ה",6,0,"והתודו את חטאתם אשר עשו"
365,0,"במדבר","ה",12,0,"אישאיש כי ישטה אשתו...והביא האיש את אשתו אל הכהן"
366,0,"במדבר","ה",15,0,"והביא את קרבנה...לא יצוק עליו שמן"
367,0,"במדבר","ה",15,0,"ולא יתן עליו לבונה"
368,0,"במדבר","ו",3,0,"מיין ושכר יזיר...וכל משרת ענבים לא ישתה"
369,0,"במדבר","ו",3,0,"וענבים לחים...לא יאכל"
370,0,"במדבר","ו",3,0,"וענבים לחים ויבשים לא יאכל"
371,0,"במדבר","ו",4,0,"מחרצנים...לא יאכל"
372,0,"במדבר","ו",4,0,"ועד זג לא יאכל"
373,0,"במדבר","ו",5,0,"תער לא יעבר על ראשו"
374,0,"במדבר","ו",5,0,"גדל פרע שער ראשו"
375,0,"במדבר","ו",6,0,"על נפש מת לא יבא"
376,0,"במדבר","ו",7,0,"לאביו ולאמו...לא יטמא"
377,0,"במדבר","ו",13,0,"ביום מלאת ימי נזרו"
378,0,"במדבר","ו",23,0,"כה תברכו את בני ישראל אמור להם"
379,0,"במדבר","ז",9,0,"כי עבודת הקדש עליהם בכתף ישאו"
380,0,"במדבר","ט",11,0,"בחדש הששני בארבעה עשר יום בין הערבים יעשו אותו"
381,0,"במדבר","ט",11,0,"על מצות ומרורים יאכלהו"
382,0,"במדבר","ט",12,0,"לא ישאירו ממנו עד בקר"
383,0,"במדבר","ט",12,0,"ועצם לא ישברו בו"
384,0,"במדבר","י",9,0,"וכי תבאו מלחמה...וביום  שמחתכם ומועדיכם ובראשי חדשיכם ותקעתם בחצצרות על עלתיכם ועל זבחי שלמיכם"
385,0,"במדבר","טו",20,0,"ראשית ערסתכם חלה תרימו תרומה"
386,0,"במדבר","טו",38,0,"ועשו להם ציצית"
387,0,"במדבר","טו",39,0,"ולא תתורו אחרי לבבכם ואחרי ענכם אשר אתם זנים אחריהם"
388,0,"במדבר","יח",4,0,"ושמרו את משמרת אהל מועד"
389,1,"במדבר","ד",19,0,"איש איש על עבודתו ואל משאו"
389,2,"במדבר","ד",19,0,"איש איש על עבודתו ואל משאו"
390,0,"במדבר","יח",4,0,"וזר לא יקרב אליכם"
391,0,"במדבר","יח",5,0,"ושמרתם את משמרת הקדש"
392,0,"במדבר","יח",15,0,"אך פדה תפדה את בכור האדם"
392,0,"שמות","יג",2,0,"כל בכור פטר רחם בבני ישראל באדם ובבהמה לי הוא"
393,0,"במדבר","יח",17,0,"אך בכור שור או בכור כשב או בכור עז לא תפדה קדש הם"
394,0,"במדבר","יח",23,0,"ועבד הלוי הוא את עבודת אהל מועד"
394,0,"דברים","יח",7,0,"ושרת בשם ה' אלהיו"
395,0,"במדבר","יח",24,0,"כי את מעששר בני ישראל אשר ירימו לה' תרומה נתתי ללוים"
396,0,"במדבר","יח",26,0,"ואל הלוים תדבר...והרמותם ממנו תרומת ה' מעשר מן המעשר"
397,0,"במדבר","יט",2,0,"דבר אל בני ישראל ויקחו אליך פרה אדומה...והיתה לעדת בני ישראל למשמרת"
398,0,"במדבר","יט",14,0,"זאת התורה אדם כי ימות באהל"
399,0,"במדבר","יט",19,0,"והזה הטהור על הטמא"
400,0,"במדבר","כז",8,9,"איש כי מיות ובן אין לו והעברתם את נחלתו לבתו ...והיתה לבני ישראל לחוקת משפט כאשר צוה ה' את משה..."
401,0,"במדבר","כח",2,0,"צו את בני ישראל ואמרת אליהם את קרבני לחמי לאשי..."
402,0,"במדבר","כח",9,0,"וביום השבת שני כבשים"
403,0,"במדבר","כח",11,15,"ובראשי חדשיכם תקריבו עולה לה'..."
404,0,"במדבר","כח",26,0,"וביום הבכורים בהקריבכם מנחה חדשה"
405,0,"במדבר","כט",1,0,"יום תרועה יהיה לכם"
406,0,"במדבר","ל",3,0,"איש כי ידור נדר"
407,0,"במדבר","ל",3,0,"לא יחל דברו"
408,0,"במדבר","לה",2,0,"צו את בני ישראל ונתנו ללוים מנחלת אחוזתם ערים לשבת"
409,0,"במדבר","לה",12,0,"ולא ימות הרוצח עד עמדו לפני העדה למשפט"
410,0,"במדבר","לה",25,0,"והשיבו  אותו העדה אל עיר מקלטו..וישב בה עד מות הכהן הגדול"
411,0,"במדבר","לה",30,0,"ועד אחד לא יענה בנפש למות"
411,0,"דברים","יז",6,0,"לא יומת ע""פ עד אחד"
412,0,"במדבר","לה",31,0,"ולא תקחו כופר לנפש רוצח אשר הוא רשע למות"
413,0,"במדבר","לה",32,0,"ולא תקחו כופר לנוס אל עיר מקלטו לשוב לשבת בארץ"
414,0,"דברים","א",17,0,"לא תכירו פנים במששפט"
415,0,"דברים","א",17,0,"לא תגורו מפני איש"
416,0,"דברים","ה",18,0,"ולא תתאוה בית רעך"
417,0,"דברים","ו",4,0,"שמע ישראל ה' אלהינו ה' אחד"
418,0,"דברים","ו",5,0,"ואהבת את ה' אלהיך"
419,0,"דברים","ו",7,0,"ושננתם לבניך ודברת בם"
420,0,"דברים","ו",7,0,"ודברת בם בשבתך ...בשכבך ובקומך"
421,0,"דברים","ו",8,0,"וקשרתם לאות על ידך..."
421,0,"דברים","יא",18,0,"וקשׁרתם אתם לאות על-ידכם..."
421,0,"שמות","יג",9,0,"והיה לך לאות על-ידך..."
421,0,"שמות","יג",16,0,"והיה לאות על-ידכה..."
422,0,"דברים","ו",8,0,"...והיו לטטפת בין עיניך."
422,0,"דברים","יא",18,0,"...והיו לטוטפת בין עיניכם."
422,0,"שמות","יג",9,0,"...ולזכרון בין עיניך למען תהיה תורת ה' בפיך כי ביד חזקה הוצאך ה' ממצרים"
422,0,"שמות","יג",16,0,"...ולטוטפת בין עיניך כי בחזק יד הוציאנו יהוה ממצרים"
423,0,"דברים","ו",9,0,"וכתבתם על מזוזות ביתך ובשערך"
424,0,"דברים","ו",16,0,"לא תנסו את ה' אלהיכם כאשר נסיתם במסה"
425,0,"דברים","ז",2,0,"החרם תחרים אותם"
425,0,"דברים","כ",17,0,"כי החרם תחרימם החתי והאמורי..."
426,0,"דברים","ז",2,0,"ולא תחנם"
427,0,"דברים","ז",3,0,"ולא תתחתן בם"
428,0,"דברים","ז",25,0,"לא תחמוד כסף וזהב עליהם ולקחת לך"
428,0,"דברים","יג",18,0,"דרך כלל ולא ידבק בידך"
429,0,"דברים","ז",26,0,"ולא תביא תועבה אל ביתך"
430,0,"דברים","ח",10,0,"ואכלת ושבעת וברכת את ה' אלהיך"
431,0,"דברים","י",19,0,"ואהבתם את הגר כי גרים הייתם"
432,0,"דברים","י",20,0,"את ה' אלהיך תירא"
433,0,"דברים","י",20,0,"אותו תעבוד"
433,0,"דברים","יא",13,0,"ולעבדו בכל לבבכם"
433,0,"דברים","יג",5,0,"ואותו תעבדו"
433,0,"ויקרא","כג",25,0,"ועבדתם את ה' אלהיכם"
434,0,"דברים","י",20,0,"ובו תדבק"
434,0,"דברים","יא",22,0,"ולדבקה בו"
435,0,"דברים","י",20,0,"ובשמו תשבע"
436,0,"דברים","ז",5,0,"כי אם כה תעשו להם מזבחותיהם תתצו"
436,0,"דברים","יב",2,0,"אבד תאבדון את כל המקומות ..."
436,0,"דברים","יב",3,0,"ונתצתם את מזבחותם"
437,0,"דברים","יב",4,0,"לא תעשון כן לה' אליכם"
438,0,"דברים","יב",5,0,"ובאת ששמה והבאתם ששמה עולתיכם...ונדריכם"
439,0,"דברים","יב",13,0,"השמר לך פן תעלה עולותך בכל מקום אשר תראה"
439,0,"דברים","יב",14,0,"ושם תעשה כל אשר אנוכי מצוך"
440,0,"דברים","יב",14,0,"כי אם במקום אשר יבחר ה'...שם תעלה עולותיך ושם תעשה כל אשר אנכי מצוך"
441,0,"דברים","יב",15,0,"רק בכל אות נפשך תזבח ואכלת בשר...הטמא והטהור יאכלנו כצבי וכאיל"
442,0,"דברים","יב",17,0,"לא תוכל לאכול בשעריך מעשר דגנך"
443,0,"דברים","יב",17,0,"לא תועל לאכול בשעריך...ותירוששך"
444,0,"דברים","יב",17,0,"לא תוכל לאכל בשעריך...ויצהרך"
445,0,"דברים","יב",17,0,"לא  תוכל לאכול בשעריך...בכורות בקרך וצאנך"
446,0,"דברים","יב",17,0,"לא תוכל לאכול בשעריך...בקרך וצאנך"
447,0,"דברים","יב",17,0,"לא תוכל לאכול בשעריך...נדריך אשר תידור"
448,0,"דברים","יב",17,0,"לא תוכל לאכול בשעריך...ונדבותך"
449,0,"דברים","יב",17,0,"לא תוכל  לאכול...ותרומת ידך"
450,0,"דברים","יב",19,0,"השמר לך פן תעזוב את הלוי כל ימיך על אדמתך"
450,0,"דברים","יד",27,0,"והלוי אשר בשעריך לא תעזבנו"
451,0,"דברים","יב",21,0,"וזבחת מבקרך ומצאנך...כאשר צויתך"
452,0,"בראשית","ט",4,0,"אך בשר בנפשו דמו לא תאכלו"
452,0,"דברים","יב",23,0,"ולא תאכל הנפש עם הבשר"
453,0,"דברים","יב",26,0,"רק קדשיך אשר יהיו לך ונדריך תשא ובאת"
454,0,"דברים","יג",1,0,"לא תסף עליו"
455,0,"דברים","יג",1,0,"ולא תגרע ממנו"
456,0,"דברים","יג",4,0,"לא תשמע אל דברי הנביא ההוא"
457,0,"דברים","יג",9,0,"לא  תאבה לו"
458,0,"דברים","יג",9,0,"ולא תשמע אליו"
459,0,"דברים","יג",9,0,"ולא תחוס עינך עליו"
460,0,"דברים","יג",9,0,"ולא תחמול"
461,0,"דברים","יג",9,0,"ולא תכסה עליו"
462,0,"דברים","יג",12,0,"ולא יוסיפו לעשות כדבר הרע הזה בקרבך"
463,0,"דברים","יג",15,0,"ודרשת וחקרת ושאלת היטב"
464,0,"דברים","יג",17,0,"ושרפת באש את העיר ואת כל שללה"
465,0,"דברים","יג",17,0,"והיתה תל  עולם לא תבנה עוד"
466,0,"דברים","יג",18,0,"ולא ידבק בידך מאומה מן החרם"
467,0,"דברים","יד",1,0,"לא תתגודדו"
467,0,"ויקרא","יט",28,0,"ושרט לנפש לא תתנו בבשרכם"
468,0,"דברים","יד",1,0,"ולא תשימו קרחה בין עיניכם"
468,0,"ויקרא","כא",5,0,"לא יקרחו קרחה בראשם"
469,0,"דברים","יד",3,0,"לא תאכל כל תועבה"
470,0,"דברים","יד",11,19,"כל ציפור טהורה תאכלו"
471,0,"דברים","יד",19,0,"וכל שרץ העוף טמא הוא לכם לא יאכלו"
472,0,"דברים","יד",21,0,"לא תאכלו כל נבלה לגר אשר בשעריך תתננה ואכלה או מכור לנכרי"
473,0,"דברים","יד",22,0,"עשר תעשר את כל תבואת זרעך"
474,0,"דברים","יד",28,0,"מקצה שלש שנים תוציא את כל מעשר תבואתך בשנה ההיא והנחת בשעריך"
475,0,"דברים","טו",2,0,"לא יגוש את רעהו ואת אחיו"
476,0,"דברים","טו",3,0,"את הנכרי תגוש"
477,0,"דברים","טו",2,0,"וזה דבר השמיטה שמוט כל בעל משה ידו"
477,0,"דברים","טו",3,0,"ואשר יהיה לך את אחיך תשמט ידך"
478,0,"דברים","טו",7,0,"לא  תאמץ את לבבך ולא תקפוץ את ידך מאחיך האביון"
479,0,"דברים","טו",8,0,"פתוח תפתח את ידך לו"
479,0,"ויקרא","כה",35,0,"והחזקת בו גר ותושב וחי עמך"
480,0,"דברים","טו",9,0,"השמר לך פן יהיה דבר עם לבבך בליעל לאמר קרבה שנת השבע שנת השמיטה וגו'"
481,0,"דברים","טו",13,0,"וכי תשלחנו חפשי מעמך לא תשלחנו ריקם"
482,0,"דברים","טו",14,0,"הענק תעניק לו מצאנך ומגרנך ומיקבך אשר ברכך ה' אלהיך תתן לו"
483,0,"דברים","טו",19,0,"לא תעבוד בבכור שורך"
484,0,"דברים","טו",19,0,"ולא תגוז בכור צאנך"
485,0,"דברים","טז",3,0,"לא  תאכל עליו חמץ"
486,0,"דברים","טז",4,0,"...ולא ילין מן הבשר אשר תזבח בערב ביום הראשון לבקר"
487,0,"דברים","טז",5,0,"לא תוכל לזבוח הפסח באחד שעריך"
488,0,"דברים","טז",11,0,"ושמחת לפני ה' אלהיך אתה ובנך ובתך ועבדך ואמתך והלוי אשׁר בשׁעריך והגר והיתום והאלמנה אשׁר בקרבך במקום אשׁר יבחר ה' אלהיך לשׁכן שׁמו שׁם"
488,0,"דברים","טז",14,0,"ושׂמחת בחגך אתה ובנך ובתך ועבדך ואמתך והלוי והגר והיתום והאלמנה אשׁר בשׁעריך"
489,0,"דברים","טז",16,0,"שלש פעמים בשנה יראה כל זכורך את פני ה' אלהיך"
490,0,"דברים","טז",16,0,"ולא יראו פני ריקם"
491,0,"במדבר","יא",17,0,"אספה לי שבעים איש"
491,0,"דברים","טז",18,0,"שופטים ושוטרים תתן לך בכל שעריך"
492,0,"דברים","טז",21,0,"ולא תטע לך אשרה כל עץ אצל מזבח ה' אלקיך"
493,0,"דברים","טז",22,0,"ולא תקים לך מצבה אשר שנא ה' אלקיך"
494,0,"דברים","יז",1,0,"לא תזבח לה' אלהיך שור ושה אשר יהיה בו מום"
495,0,"דברים","יז",10,0,"ועשית על פי הדבר אשר יגידו לך"
495,0,"דברים","יז",11,0,"על פי התורה אשר יורוך ועל המשפט אשר יאמרו לך תעשה"
496,0,"דברים","יז",11,0,"לא תסור מן הדבר אשר יגידו לך ימין ושמאל"
497,0,"דברים","יז",15,0,"שום תשים עליך מלך"
498,0,"דברים","יז",15,0,"לא תוכל לתת עליך איש נכרי אשר לא אחיך הוא"
499,0,"דברים","יז",16,0,"לא ירבה לו סוסים"
500,0,"דברים","יז",16,0," וה' אמר לכם לא תוסיפון לשוב בדרך הזה עוד"
501,0,"דברים","יז",17,0,"ולא ירבה לו נשים"
502,0,"דברים","יז",17,0,"וכסף וזהב לא ירבה לו"
503,0,"דברים","יז",18,0,"וכתב לו את משני התורה הזאת וגו'"
504,0,"דברים","יח",1,0,"לא יהיה לכהנים הלוים כל שבט לוי חלק ונחלה"
505,0,"דברים","יח",1,0,"לא יהיה לכהנים וגו' חלק ונחלה"
506,0,"דברים","יח",3,0,"וזה יהיה משפט הכהנים...ונתן לכהן הזרוע הלחיים והקיבה"
507,0,"דברים","יח",4,0,"ראשית דגנך תירשך ויצהרך וגו' תתן לו"
508,0,"דברים","יח",4,0,"וראשית גז צאנך תתן לו"
509,0,"דברים","יח",6,0,"וכי יבא הלוי...חלק כחלק יאכלו"
510,0,"דברים","יח",10,0,"לא ימצא בך... קוסם קסמים"
511,0,"דברים","יח",10,0,"לא ימצא בך...ומכשף"
512,0,"דברים","יח",10,0,"לא ימצא בך...וחובר חבר"
513,0,"דברים","יח",10,11,"לא ימצא בך...ושואל אוב"
514,0,"דברים","יח",10,11,"לא  ימצא בך...וידעוני"
515,0,"דברים","יח",10,11,"לא ימצא בך...ודורש אל המתים"
516,0,"דברים","יח",15,0,"נביא מקרבך מאחיך כמוני יקים לך ה' אלהיך אליו תשמעון"
517,0,"דברים","יח",20,0,"אך נביא אשר יזיד לדבר דבר בשמי את אשר לא צויתיו לדבר..."
518,0,"דברים","יח",20,0,"ואשר ידבר בשם אלוהים אחרים ומת הנביא ההוא"
519,0,"דברים","יח",22,0,"לא תגור ממנו"
520,0,"דברים","יט",3,0,"תכין לך הדרך ושלשת את גבול ארצך"
521,1,"דברים","יט",13,0,"לא תחוס עינך עליו ובערת דם הנקי"
521,1,"דברים","יט",21,0,"ולא תחוס עינך נפש בנפש"
521,2,"דברים","יט",21,0,"ולא תחוס עינך נפש בנפש"
522,0,"דברים","יט",14,0,"לא  תסיג גבול רעך"
523,0,"דברים","יט",15,0,"לא יקום עד אחד באיש לכל עון ולכל חטאת"
524,0,"דברים","יט",19,0,"ועשיתם לו כאשר זמם לעשות לאחיו"
525,0,"דברים","ג",22,0,"לא תיראום"
525,0,"דברים","ז",21,0,"לא תערץ מפניהם"
525,0,"דברים","כ",1,0,"כי תצא למלחמה על אויביך, וראית סוס ורכב עם רב ממך - לא תירא מהם; כי ה' אלהיך עמך, המעלך מארץ מצרים"
526,0,"דברים","כ",2,9,"	והיה כקורבכם אל המלחמה; וניגש הכהן ודיבר אל העם... ודיברו השוטרים אל העם לאמור ""מי האיש אשר בנה בית חדש ולא חנכו - ילך וישוב לביתו... 	ויספו השוטרים לדבר אל העם, ואמרו מי האיש הירא ורך הלבב, ילך וישוב לביתו; ולא יימס את לבב אחיו כלבבו"
527,0,"דברים","כ",10,13,"	כי תקרב אל עיר, להילחם עליה--וקראת אליה לשלום..."
528,0,"דברים","כ",16,0,"לא תחיה כל נשמה"
529,0,"דברים","כ",19,0,"לא תשחית את עצה...אותו לא תכרות"
530,0,"דברים","כא",1,0,"כי ימצא חלל..."
531,0,"דברים","כא",4,0,"אשר לא יעבד בו ולא יזרע"
532,0,"דברים","כא",11,0,"וראית בשביה אשת יפת תואר"
533,0,"דברים","כא",14,0,"והיה אם לא חפצת בה ושלחתה לנפשה מכר לא תמכרנה בכסף."
534,0,"דברים","כא",14,0,"לא תתעמר בה תחת אשר עניתה"
535,0,"דברים","כא",22,0,"ותלית אותו על העץ"
536,0,"דברים","כא",23,0,"לא תלין נבלתו על העץ"
537,0,"דברים","כא",23,0,"כי קבור תקברנו ביום ההוא"
538,0,"דברים","כב",1,0,"השב תשיבם לאחיך"
539,0,"דברים","כב",3,0,"לא תוכל להתעלם"
540,0,"דברים","כב",4,0,"	לא תראה את חמור אחיך או שורו נופלים בדרך והתעלמת מהם"
541,0,"דברים","כב",4,0,"הקם תקים עמו"
542,0,"דברים","כב",5,0,"לא יהיה כלי גבר על אשה"
543,0,"דברים","כב",5,0,"ולא ילבש גבר שמלת אשה"
544,0,"דברים","כב",6,0,"לא תקח האם על הבנים"
545,0,"דברים","כב",7,0,"שלח תשלח את האם ואת הבנים תקח לך"
546,0,"דברים","כב",8,0,"ועשית מעקה לגגך"
547,0,"דברים","כב",8,0,"ולא תשים דמים בבתך"
548,0,"דברים","כב",9,0,"לא תזרע כרמך כלאים"
549,0,"דברים","כב",9,0,"פן תקדש המלאה הזרע אשר תזרע ותבואת הכרם"
550,0,"דברים","כב",10,0,"לא תחרוש בשור ובחמור יחדיו"
551,0,"דברים","כב",11,0,"לא תלבש שעטנז צמר ופשתים יחדיו"
552,0,"דברים","כב",13,0,"כי יקח איש אשה ובא אליה"
553,0,"דברים","כב",19,0,"ולו תהיה לאשה"
554,0,"דברים","כב",19,0,"לא יוכל לגרשה כל ימיו"
555,0,"דברים","כב",24,0,"וסקלתם אותם באבנים"
556,0,"דברים","כב",26,0,"ולנערה לא תעשה דבר"
557,0,"דברים","כב",28,29,"ולו  תהיה לאשה"
558,0,"דברים","כב",28,29,"תחת אשר ענה לא יוכל לגרשה כל ימיו"
559,0,"דברים","כג",2,0,"לא יבא פצוע  דכה וכרות שפכה בקהל ישראל"
560,0,"דברים","כג",3,0,"לא יבא  ממזר בקהל ה'"
561,0,"דברים","כג",6,0,"לא יבא עמוני ומואבי בקהל ה'...עד עולם"
562,0,"דברים","כג",7,0,"לא תדרוש שלומם וטובתם"
563,0,"דברים","כג",8,0,"לא  תתעב אדומי כי אחיך הוא...דור שלישי יבא להם בקהל ה'"
564,0,"דברים","כג",8,0,"לא  תתעב מצרי כי גר היית בארצו"
565,0,"דברים","כג",11,0,"כי היה בך איש אשר לא יהיה טהור מקרה לילה...לא יבא אל תוך המחנה"
566,0,"דברים","כג",13,0,"ויד תהיה לך מחוץ למחנה"
566,0,"דברים","כג",15,0,"ולא ייראה בך ערות דבר ושב מאחריך"
567,0,"דברים","כג",14,0,"ויתד  תהיה לך על אזנך"
568,0,"דברים","כג",16,0,"לא תסגיר עבד אל אדוניו"
569,0,"דברים","כג",17,0,"עמך ישב בקרבך במקום אשר יבחר...בטוב לו לא תוננו"
570,0,"דברים","כג",18,0,"לא  תהיה קדשה בבנות ישראל"
570,0,"ויקרא","יט",29,0,"אל תחלל את בתך להזנותה"
571,1,"דברים","כג",19,0,"לא תביא אתנן זונה ומחיר כלב בית ה' אלהיך"
571,2,"דברים","כג",19,0,"לא תביא אתנן זונה ומחיר כלב בית ה' אלהיך"
572,0,"דברים","כג",20,0,"לא תשיך לאחיך נשך כסף נשך אוכל נשך כל דבר אשר יישך"
573,0,"דברים","כג",21,0,"לנכרי תשיך"
574,0,"דברים","כג",22,0,"כי תדור נדר לה' אלהיך לא תאחר לשלמו"
575,0,"דברים","כג",24,0,"מוצא שפתיך תשמור"
576,0,"דברים","כג",25,0,"כי תבא בכרם רעך ואכלת ענבים כנפשך שבעך"
577,0,"דברים","כג",25,0,"ואכלת ענבים כנפשך שבעך ואל כליך לא תתן"
578,0,"דברים","כג",26,0,"וחרמש לא תניף על קמת רעיך"
579,0,"דברים","כד",1,0,"וכתב לה ספר  כריתות ונתן בידה ושלחה מביתו"
580,0,"דברים","כד",4,0,"לא יוכל בעלה הראשון אשר שלחה לשוב לקחתה"
581,0,"דברים","כד",5,0,"ולא יעבר עליו לכל דבר"
582,0,"דברים","כד",5,0,"נקי יהיה לביתו שנה אחת ושמח את אשתו אשר לקח"
583,0,"דברים","כד",6,0,"לא יחבול רחים ורכב כי נפש הוא חבל"
584,0,"דברים","כד",8,0,"השמר בנגע הצרעת"
585,0,"דברים","כד",10,0,"לא תבא אל ביתו לעבט עבטו"
586,0,"דברים","כד",12,0,"לא תשכב בעבוטו אצלך"
587,0,"דברים","כד",13,0,"השב תשיב לו את העבוט כבוא השמש"
587,0,"שמות","כב",25,0,"עד בוא השמש תשיבנו לו"
588,0,"דברים","כד",15,0,"ביומו תתן שכרו"
589,0,"דברים","כד",16,0,"לא יומתו אבות על בנים ובנים לא יומתו על אבות"
590,1,"דברים","כד",17,0,"לא תטה משפט גר ויתום"
590,2,"דברים","כד",17,0,"לא תטה משפט גר ויתום"
591,0,"דברים","כד",17,0,"ולא תחבול בגד אלמנה"
592,0,"דברים","כד",19,0,"ושכחת עמר בשדה...לגר ליתום ולאלמנה יהיה"
593,0,"דברים","כד",19,0,"ושכחת עמר בשדה לא תשוב לקחתו"
594,0,"דברים","כה",2,0,"והפילו השופט והכהו לפניו כדי רשעתו"
595,0,"דברים","כה",3,0,"לא יסיף"
596,0,"דברים","כה",4,0,"לא תחסום שור בדישו"
597,0,"דברים","כה",5,0,"לא תהיה אשת המת החוצה לאיש זר יבמה יבא עליה"
598,0,"דברים","כה",5,0,"יבמה יבא עליה"
599,0,"דברים","כה",9,0,"וחלצה נעלו מעל רגלו"
600,0,"דברים","כה",12,0,"וקצתה את בפה לא תחוס עינך"
601,0,"דברים","כה",12,0,"וקצתה את כפה לא תחוס עינך"
602,0,"דברים","כה",13,0,"לא יהיה לך בכיסך אבן אבן גדולה וקטנה"
603,0,"דברים","כה",17,0,"זכור את אשר עשה לך עמלק בדרך בצאתכם ממצרים"
604,0,"דברים","כה",19,0,"תמחה את זכר עמלק"
605,0,"דברים","כה",19,0,"לא תשכח"
606,0,"דברים","כו",5,0,"וענית ואמרת לפני ה' אלהיך וגו'"
607,0,"דברים","כו",13,0,"ואמרת לפני ה' אלהיך בערתי הקדש מן הבית"
608,0,"דברים","כו",14,0,"לא אכלתי באוני ממנו"
608,0,"ויקרא","י",19,0,"ואכלתי חטאת יום"
609,0,"דברים","כו",14,0,"לא בערתי ממנו בטמא"
610,0,"דברים","כו",14,0,"לא נתתי ממנו למת שמעתי בקול ה' אלהי"
611,0,"בראשית","יח",19,0,"כי ידעתיו למען אשר יצוה את בניו ואת ביתו אחריו ושמרו דרך ה' לעשות צדקה ומשפט למען הביא ה' על אברהם את אשר דבר עליו"
611,0,"דברים","ח",6,0,"ושמרת את מצות ה’ אלהיך ללכת בדרכיו וליראה אתו"
611,0,"דברים","י",12,0," ...ליראה את ה’ אלהיך ללכת בכל דרכיו ולאהבה אתו..."
611,0,"דברים","יא",22,0,"...לאהבה את ה’ אלהיכם ללכת בכל דרכיו ולדבקה בו..."
611,0,"דברים","יט",9,0,"...לאהבה את ה’ אלהיך וללכת בדרכיו כל הימים..."
611,0,"דברים","כו",17,0,"...להיות לך לאלהים וללכת בדרכיו ולשמר חקיו ומצותיו ומשפטיו..."
611,0,"דברים","כח",9,0,"...כי תשמר את מצות ה’ אלהיך והלכת בדרכיו"
611,0,"דברים","ל",16,0,"...לאהבה את ה’ אלהיך ללכת בדרכיו ולשמר מצותיו וחקתיו ומשפטיו..."
611,0,"שמות","לג",13,0,"ועתה אם נא מצאתי חן בעיניך הודעני נא את דרכך ואדעך למען אמצא חן בעיניך וראה כי עמך הגוי הזה"
612,0,"דברים","לא",12,0,"הקהל את העם האנשים והנשים והטף"
613,0,"דברים","לא",19,0,"ועתה כתבו לכם את השירה הזאת"
